lambda_op,total_wait_time,bus_periods_used,avg_frequency,status,solve_time
0.0,26226.007083333356,10000,1.7441176470588236,Optimal,7.264718294143677
0.25,26226.00708333336,10000,1.7430147058823529,Optimal,7.9201860427856445
0.5,26226.007083333356,10000,1.7422794117647058,Optimal,9.564037322998047
1.0,26226.007083333356,10000,1.7422794117647058,Optimal,8.935290813446045
2.0,26911.40874999994,9608,1.6580882352941178,Optimal,4.15092396736145
5.0,30503.355416666214,8463,1.3691176470588236,Optimal,3.261200189590454
10.0,33772.75374999951,8018,1.2158088235294118,Optimal,1.4021272659301758
20.0,35505.48874999967,7883,1.1580882352941178,Optimal,1.322373867034912
50.0,35505.48874999967,7883,1.1580882352941178,Optimal,1.349123239517212
