lambda_op,total_wait_time,bus_periods_used,avg_frequency,status,solve_time
0.0,26226.007083333356,10000,1.7441176470588236,Optimal,5.76321005821228
0.25,26226.00708333336,10000,1.7430147058823529,Optimal,6.534661293029785
0.5,26226.007083333356,10000,1.7422794117647058,Optimal,7.608731269836426
1.0,26226.007083333356,10000,1.7422794117647058,Optimal,7.534572124481201
2.0,26911.40874999994,9608,1.6580882352941178,Optimal,3.3395140171051025
5.0,30503.355416666214,8463,1.3691176470588236,Optimal,2.957334518432617
10.0,33772.75374999951,8018,1.2158088235294118,Optimal,1.2244114875793457
20.0,35505.48874999967,7883,1.1580882352941178,Optimal,1.2620964050292969
50.0,35505.48874999967,7883,1.1580882352941178,Optimal,1.1855628490447998
