method,prediction_rmse,prediction_mae,prediction_mape,prediction_r2,predicted_objective,decision_quality,regret
xgb_mse,11.034390406999856,5.295776924537569,17.397538027997765,0.8937019760443129,15822.596085929843,15756.147719555005,1.7394516003132594
xgb_weighted,12.44164228781852,8.116266749728311,125.21801028485284,0.8648599979015276,15820.104061746562,15756.147719555007,1.7394516003150784
nn_mse,893.9896598764215,11.82257414685908,28.659575786205373,-696.739791708057,16006.81061240511,15834.75301951597,80.34475156127883
nn_spo,12.352346677780156,7.069162890440454,46.7166512996805,0.866792878434568,15911.588454424502,15756.109782396534,1.7015144418419368
oracle,0.0,0.0,0.0,1.0,15754.408267954692,15754.408267954692,0.0
