method,prediction_rmse,prediction_mae,prediction_mape,prediction_r2,predicted_objective,decision_quality,regret
xgb_mse,12.2749292960907,6.95929931745008,8.789283253383529,0.9730669926300679,16797.49602171452,16713.03697243364,0.12992998634581454
xgb_weighted,15.847550208739653,11.98091420678415,82.85834669003577,0.9551077756958064,16814.722203183494,16713.36618423107,0.45914178377279313
nn_mse,12.75428391920766,7.527710617566761,13.578342511228952,0.9709223695789944,16788.039793383272,16713.022270199053,0.11522775175762945
nn_spo,13.93584662087564,9.322201309760867,35.20909372098053,0.9652852879664693,16765.08720487849,16712.97887999284,0.07183754554353072
oracle,0.0,0.0,0.0,1.0,16712.907042447296,16712.907042447296,0.0
