method,regret_mean,regret_std,n_seeds,regret_se,prediction_rmse,prediction_mae,prediction_mape,prediction_r2
nn_mse,6.776507399833281,5.4144011165482,20,1.2106968954052537,8.005879098753066,4.036864719299581,24.614443616184836,0.8585749737924214
nn_spo,4.934177351685685,3.1180094363742543,20,0.6972081054218637,10.81975831256483,7.503837902509291,203.96991843984725,0.7446917478922717
xgb_mse,3.935492697778318,0.47784318120433744,20,0.10684898357576483,7.160651375178974,3.436622823896908,15.510150781713117,0.8887168936389717
xgb_weighted,3.132758408164045,1.3379081382434805,20,0.29916535447626086,8.090365571104861,5.198225592155373,105.53816990347964,0.8579109560036589
oracle,0.0,0.0,20,0.0,0.0,0.0,0.0,1.0
