method,prediction_rmse,prediction_mae,prediction_mape,prediction_r2,predicted_objective,decision_quality,regret
xgb_mse,7.179238073339351,3.4715258925976973,15.7043842579495,0.8881390159051032,26243.009868799865,26179.493484582385,3.978493039317982
xgb_weighted,8.199337878647205,5.372714009337087,114.38328403350629,0.8540918700253376,26243.007078590414,26180.859686768174,5.344695225106989
nn_mse,7.970741784630558,4.1806824200777895,24.479349771740083,0.8621142437503307,26278.43597395581,26181.424291569114,5.909300026047276
nn_spo,9.32761614684603,6.316157321590837,147.98077859205054,0.8111733640244057,26076.248011633572,26178.40447436899,2.889482825921732
oracle,0.0,0.0,0.0,1.0,26175.514991543067,26175.514991543067,0.0
