method,total_wait_time,fleet_used,avg_frequency,min_frequency,max_frequency,pct_improvement_vs_status_quo
status_quo,22748.201666666617,7300,2.991764705882353,1,8,0.0
uniform,34748.84999999995,4740,2.0,2,2,-52.75427266375132
demand_proportional,21046.278750000143,7917,3.4488235294117646,1,8,7.481571253873375
greedy,26244.817291666735,8897,3.53,1,15,-15.370954048309576
optimal,16825.64387500001,9000,5.021176470588236,1,15,26.035279089094093
