method,total_wait_time,fleet_used,avg_frequency,min_frequency,max_frequency,pct_improvement_vs_status_quo
status_quo,32583.48249999917,8008,1.1808823529411765,1,2,0.0
uniform,38575.14499999983,7055,1.0,1,1,-18.388649832014778
demand_proportional,28768.37416666649,9599,1.486764705882353,1,3,11.708718775940467
greedy,26590.039166666862,10000,1.69375,1,3,18.39411528013453
optimal,26226.007083333356,10000,1.7441176470588236,1,4,19.511344180800734
