method,total_wait_time,fleet_used,avg_frequency,min_frequency,max_frequency,pct_improvement_vs_status_quo
status_quo,20198.167083333276,7005,1.4047058823529412,1,4,0.0
uniform,28574.289999999797,4935,1.0,1,1,-41.469717930881785
demand_proportional,17179.169166666667,8797,1.8829411764705883,1,4,14.946890498582746
greedy,15989.602083333246,9000,2.164705882352941,1,4,20.83637085799122
optimal,15823.161666666634,9000,2.2135294117647057,1,6,21.66040808859692
