fleet_size,objective,status,routes_above_3,avg_freq,solve_time
1200,0.0,infeasible,0,0.0,0.9964139461517334
1400,0.0,infeasible,0,0.0,1.0624303817749023
1600,0.0,infeasible,0,0.0,0.9677660465240479
1800,0.0,infeasible,0,0.0,1.040067195892334
2000,26226.007083333356,Optimal,356,1.7441176470588236,6.588103532791138
2200,23082.24416666671,Optimal,559,1.9470588235294117,12.607606410980225
2400,20694.01416666673,Optimal,773,2.133455882352941,13.367470741271973
2600,18640.36124999991,Optimal,997,2.3033088235294117,56.478222370147705
