fleet_size,objective,status,routes_above_3,avg_freq,solve_time
800,0.0,infeasible,0,0.0,0.3338737487792969
1000,0.0,infeasible,0,0.0,0.33122897148132324
1200,0.0,infeasible,0,0.0,0.5469067096710205
1400,0.0,infeasible,0,0.0,0.503852367401123
1600,0.0,infeasible,0,0.0,0.5814366340637207
1800,15823.161666666634,Optimal,668,2.2135294117647057,3.1309688091278076
2000,13143.421249999965,Optimal,813,2.476470588235294,3.0404555797576904
2200,11407.00041666664,Optimal,1039,2.7923529411764707,4.627953052520752
