model,rmse,mae,mape,r2
linear_regression,16.384308228743034,11.537349134004664,38.35938788416182,0.9520152683452338
random_forest,13.037096983749917,7.033706072404372,8.417796331238215,0.9696185397437995
xgboost,12.2749292960907,6.95929931745008,8.789283253383529,0.9730669926300679
