model,rmse,mae,mape,r2
linear_regression,8.883697612064593,5.27645521763637,56.44481205894717,0.8287188935633836
random_forest,7.590889529234615,3.7687965150273217,16.689238626838204,0.8749432127638374
xgboost,7.1662676340901585,3.416695841028782,15.216625480226446,0.8885428402260449
