model,rmse,mae,mape,r2
linear_regression,13.626358526935602,7.874079751719902,55.95330024468306,0.8378980933265371
random_forest,11.601249286607798,5.612323642759563,16.310363047711135,0.8824999590711065
xgboost,10.961941918717567,5.2414952237595624,16.822044483532057,0.8950932354079144
