equity_threshold,total_wait,avg_priority_freq,num_binding,feasible,solve_time
1,16670.988875000006,4.614864864864865,0,True,4.345130681991577
2,16670.988875000003,4.597972972972973,42,True,3.3870344161987305
3,16825.64387500001,4.635135135135135,126,True,4.239668369293213
4,0.0,0.0,0,False,0.5344183444976807
5,0.0,0.0,0,False,0.0
6,0.0,0.0,0,False,0.0
8,0.0,0.0,0,False,0.0
10,0.0,0.0,0,False,0.0
