equity_threshold,total_wait,avg_priority_freq,num_binding,feasible,solve_time
1,24276.046666666723,1.768041237113402,58,True,4.959477186203003
2,24554.74291666669,2.0463917525773194,187,True,5.6639440059661865
3,26226.007083333356,3.0103092783505154,192,True,7.290179967880249
4,0.0,0.0,0,False,1.0588693618774414
5,0.0,0.0,0,False,0.0
6,0.0,0.0,0,False,0.0
8,0.0,0.0,0,False,0.0
10,0.0,0.0,0,False,0.0
