metric,value
EEV,15525.57872592575
RP,15525.314877335924
WS,15522.847354031921
VSS,0.26384858982601145
EVPI,2.4675233040034072
