metric,value
EEV,24052.13166510964
RP,24051.601671760724
WS,24049.69440091348
VSS,0.5299933489150135
EVPI,1.907270847244945
