metric,value
EEV,14469.4214207762
RP,14469.321536841104
WS,14467.748917562863
VSS,0.09988393509593152
EVPI,1.5726192782403814
